Product Name,Sizes,Sizes Group,Sizes Group Count
עט דגם רויאל,one size,700455345798571475,877
עט דגם פגסוס,one size,700455345798571475,877
אוהל חוף עשוי בד לייקרה ענק 3 על 3,one size,700455345798571475,877
יומן שבועי 17X24 דגם LIEL PVC,one size,700455345798571475,877
יומן כיס שבועי 9X17 דגם MIKA PU,one size,700455345798571475,877
יומן יומי מדורג 21X27 דגם HILA PU A4,54,-8725614115030325282,1
יומן יומי מדורג 15X21 דגם YONATAN PU,one size,700455345798571475,877
יומן שבועי 24X17 דגם ORI PU,one size,700455345798571475,877
תיק שרוך ניילון,one size,700455345798571475,877
דרייפיט קפוצ'ון שרוול ארוך מסנן קרינה UV,"5XL, 4XL, 3XL, 2XL, XL, L, M, S",2857808831311792174,40
תיק שרוך דגם סרי לנקה,one size,700455345798571475,877
גופיה כותנה חור רחב,"2XL, XL, L, M, S",1113304725121576563,7
נעל בטיחות סניקרס לבנה S3,"47, 46, 45, 44, 43, 42, 41, 40, 39, 38, 37, 36",739583987545114828,14
נעל עבודה מרקורי S3,"48, 47, 46, 45, 44, 43, 42, 41, 40, 39, 38, 37, 36",-7829411099899344912,6
מגף עבודה S3 TITAN CRAZY HORSE,"47, 46, 45, 44, 43, 42, 41, 40, 39, 38, 37",-6085058773725583097,18
נעל בטיחות TITAN SNEAKER,"47, 46, 45, 44, 43, 42, 41, 40, 39, 38, 37",-6085058773725583097,18
נעל בטיחות ספורטיבית S3 GLIDE REFLECT,"47, 46, 45, 44, 43, 42, 41, 40, 39, 38, 37, 36",739583987545114828,14
נעל עבודה SUPREME HI TOP,"47, 46, 45, 44, 43, 42, 41, 40, 39, 38, 37, 36",739583987545114828,14
מגף עבודה LEGACY ללא מגן,"47, 46, 45, 44, 43, 42, 41, 40, 39, 38, 37, 36",739583987545114828,14
נעל בטיחות ספורטיבית GLIDE PLUS S3,"47, 46, 45, 44, 43, 42, 41, 40, 39, 38, 37, 36",739583987545114828,14
נעל בטיחות ספורטיבית GLIDE S3,"47, 46, 45, 44, 43, 42, 41, 40, 39, 38, 37, 36",739583987545114828,14
נעל JCB הולטון פלוס S3,"47, 46, 45, 44, 43, 42, 41, 40, 39, 38, 37, 36",739583987545114828,14
בקבוק שתיה דגן אייסברג,one size,700455345798571475,877
מאפרת נירוסטה מרובעת,one size,700455345798571475,877
נעל ספורט,"47, 46, 45, 44, 43, 42, 41, 40, 39, 38, 37",-6085058773725583097,18
קופסת אוכל עם אטימת סיליקון - טייק אווי,one size,700455345798571475,877
טייץ בייסיק,"L, M, XS",-1893214461223754711,1
דף כרום A4,one size,700455345798571475,877
מגבת חוף ענקית דגם טרבין,one size,700455345798571475,877
חולצה מכופתרת מסננת קרינה מנדפת זיעה,"5XL, 4XL, 3XL, 2XL, XL, L, M, S",2857808831311792174,40
מגף עבודה TITAN S3,"47, 46, 45, 44, 43, 42, 41, 40, 39, 38, 37",-6085058773725583097,18
"רתמה לעבודה בגובה+חגורת גב, חבל ומשכך בתיק",one size,700455345798571475,877
מקטורן שרוול ארוך,"5XL, 3XL, 2XL, XL, L, M, S",8795773979698433827,1
דגמח אינדיאני פרימיום,"5XL, 4XL, 3XL, 2XL, XL, L, M, S",2857808831311792174,40
נעל עבודה SUPREME S3,"47, 46, 45, 44, 43, 42, 41, 40, 39, 38, 37",-6085058773725583097,18
רפידה JCB,"47, 46, 45, 44, 43, 42, 41, 40, 39, 38, 37, 36",739583987545114828,14
דיסק און קי 32 ג'יגה,one size,700455345798571475,877
"מנעול 75 מ""מ",one size,700455345798571475,877
דיסק און קי 128 ג'יגה,one size,700455345798571475,877
דיסק און קי 64 ג'יגה,one size,700455345798571475,877
דבק רחב 60 מטר,one size,700455345798571475,877
חוט תפירה - מחיר ל-12 יח',one size,700455345798571475,877
מברשת שיניים מארז זוגי,one size,700455345798571475,877
משחת שיניים קולגייט,one size,700455345798571475,877
וזלין,one size,700455345798571475,877
מזמרה קטנה,one size,700455345798571475,877
מספריים גדולים לתליה,one size,700455345798571475,877
מספריים קטנות בסטנד,one size,700455345798571475,877
סלוטייפ קטן,one size,700455345798571475,877
סט טיפוח מניקור,one size,700455345798571475,877
אקדח סיכות,one size,700455345798571475,877
תיק גב קטן צבעי צבא,one size,700455345798571475,877
תיק גב קטן צבעי צבא,one size,700455345798571475,877
פאוץ' צבעי צבא,one size,700455345798571475,877
סכין איכותי+כיסוי,one size,700455345798571475,877
אקדח מחירים פרימיום,one size,700455345798571475,877
מנעול אופניים שרשרת,one size,700455345798571475,877
מנעול אופניים גדול,one size,700455345798571475,877
מנעול אופניים קטן,one size,700455345798571475,877
אקדח מחירים,one size,700455345798571475,877
דגל בהתאמה אישית,one size,700455345798571475,877
מדבקת חיתוך אותיות,one size,700455345798571475,877
שלט מדבקה,one size,700455345798571475,877
שלט שמשונית,one size,700455345798571475,877
שלט לוקובונד,one size,700455345798571475,877
"מנעול 32 מ""מ",one size,700455345798571475,877
משקל זכוכית איכותי,one size,700455345798571475,877
פיתוח גלופה 2 צבעים,one size,700455345798571475,877
בלייזר ייצוגי גזרת נשים,"4XL, 3XL, 2XL, XL, L, M, S, XS",-6483835963723870644,1
"תרמוס פקק כוס 500 מ""ל",one size,700455345798571475,877
מדבקת UV בולטת,one size,700455345798571475,877
חליפת אחיות יונידרס,"4XL, 3XL, 2XL, XL, L, M, S",-1996423517076311580,29
חליפת אחיות,"5XL, 4XL, 3XL, 2XL, XL, L, M, S, XS",4739102188312561547,1
הדפס כיס צבעוני,one size,700455345798571475,877
דרייפיט פרימיום מסנן UV שרוול קצר,"3XL, 2XL, XL, L, M, S",1285580055941491199,10
סרבל שלם מותאם אישית כולל הדפס כיס צבע אחד,"3XL, 2XL, XL, L, M, S, XS",8997148825981328039,2
שלט לוקובון 80X60,one size,700455345798571475,877
מדבקה לרכב גודל A4,one size,700455345798571475,877
* דגל פוליאסטר 100X50 כולל הדפס צד אחד,one size,700455345798571475,877
מגף עבודה סקורפיון עור הפוך ללא מגן,"47, 46, 45, 44, 43, 42, 41, 40, 39, 38, 37, 36",739583987545114828,14
מגף עבודה סקורפיון ללא מגן,"47, 46, 45, 44, 43, 42, 41, 40, 39, 38, 37, 36",739583987545114828,14
גינס לייקרה פרימיום אופנתי,"5XL, 4XL, 3XL, 2XL, XL, L, M, S",2857808831311792174,40
חולצת אלגנט מכופתרת פרימיום,"3XL, 2XL, XL, L, M, S",1285580055941491199,10
מעיל אלגנט 100% כותנה,"3XL, 2XL, XL, L, M, S",1285580055941491199,10
הדפס כיס+גב צבעוני,one size,700455345798571475,877
הדפס צבעוני כיס+גב,one size,700455345798571475,877
מעיל 100% כותנה,one size,700455345798571475,877
דרייפיט קצר גזרת נשים,"3XL, 2XL, XL, L, M, S, XS",8997148825981328039,2
כללי,one size,700455345798571475,877
מעיל גשם EVA,one size,700455345798571475,877
פיתוח רקמה,one size,700455345798571475,877
כובע פליז,one size,700455345798571475,877
אקדח מאסז',one size,700455345798571475,877
ווסט פוך משופר,"4XL, 3XL, 2XL, XL, L, M, S",-1996423517076311580,29
ווסט פוך משודרג,"4XL, 3XL, 2XL, XL, L, M, S",-1996423517076311580,29
חולצת טריקו שרוול קצר עם כיס,"5XL, 4XL, 3XL, 2XL, XL, L, M, S",2857808831311792174,40
דגל פוליאסטר 80X50 כולל הדפס צד אחד,one size,700455345798571475,877
"דגמ""ח איכותי דגם פריז V","35, 40, 38, 36, 29, 34, 33, 32, 31, 30, 28",8271138754667530601,2
"דגמ""ח איכותי דגם פריז","35, 40, 38, 36, 29, 34, 33, 32, 31, 30, 28",8271138754667530601,2
"מעיל מע""צ","4XL, 3XL, 2XL, XL, L, M, S",-1996423517076311580,29
קפוצ'ון קנגרו משודרג,"4XL, 3XL, 2XL, XL, L, M, S",-1996423517076311580,29
קפוצ'ון רוכסן משודרג,"4XL, 3XL, 2XL, XL, L, M, S",-1996423517076311580,29
סופטשל תרמי,"4XL, 3XL, 2XL, XL, L, M, S",-1996423517076311580,29
עיצוב גרפיקה,one size,700455345798571475,877
TITAN COBALT S3,"46, 45, 44, 43, 42, 41, 40, 39, 38, 37",258164173730187906,4
חולצת טריקו שרוול ארוך + כובע,"4XL, 3XL, 2XL, XL, L, M, S",-1996423517076311580,29
מעיל פוך משופר ללא כובע,"4XL, 3XL, 2XL, XL, L, M, S",-1996423517076311580,29
כפכף עבודה סגור,"46, 45, 44, 43, 42, 41, 40, 39, 38, 37",258164173730187906,4
מגף TITAN עם או ללא מגן,"46, 45, 44, 43, 42, 41, 40, 39, 38, 37",258164173730187906,4
ELLA LILY SB SRC,"35, 42, 41, 40, 39, 38, 37, 36",-6343782152027222952,3
ELLA JASMINE SB SRC,"35, 42, 41, 40, 39, 38, 37, 36",-6343782152027222952,3
ELLA DAISY SB SRC,"35, 42, 41, 40, 39, 38, 37, 36",-6343782152027222952,3
נעל ספורט בטיחות Sneaker S3,"47, 46, 45, 44, 43, 42, 41, 40, 39, 38, 37",-6085058773725583097,18
JCB מגף S3,"47, 46, 45, 44, 43, 42, 41, 40, 39, 38, 37",-6085058773725583097,18
JCB מגף ללא מגן,"47, 46, 45, 44, 43, 42, 41, 40, 39, 38, 37",-6085058773725583097,18
נעל עבודה CHUKKA S3-SRC,"47, 46, 45, 44, 43, 42, 41, 40, 39, 38, 37, 36",739583987545114828,14
JCB הולטון S3-SRC,"47, 46, 45, 44, 43, 42, 41, 40, 39, 38, 37, 36",739583987545114828,14
"מנעול 25 מ""מ",one size,700455345798571475,877
ספל טרמי עם מכסה אקרילי,one size,700455345798571475,877
הדפסים כמות מינימום (מתחת ל-60),one size,700455345798571475,877
מיקרופון זוג,one size,700455345798571475,877
גז לברנר,one size,700455345798571475,877
סינר צרפתי פסים\שחור,one size,700455345798571475,877
"דגמ""ח אינדיאני פס זוהר","4XL, 3XL, 2XL, XL, L, M, S",-1996423517076311580,29
טריקו V גזרת נשים,"3XL, 2XL, XL, L, M, S",1285580055941491199,10
מכנס כותנה סטרץ' פרימיום,"3XL, 2XL, XL, L, M, S",1285580055941491199,10
נעל מנהלים white גובה 3\4 תקן S3 יובנטוס,"47, 46, 45, 44, 43, 42, 41, 40, 39",-7795759257685808577,4
נעל מנהלים BLUE גובה 3\4 תקן S3 ברצלונה,"47, 46, 45, 44, 43, 42, 41, 40, 39",-7795759257685808577,4
מגף עבודה פרימיום,"46, 45, 44, 43, 42, 41, 40, 39",-570365678330919438,1
פיתוח גלופה,one size,700455345798571475,877
מגף בוקס איכותי S3,"48, 47, 46, 45, 44, 43, 42, 41, 40, 39, 38, 37",-1456368307733958321,3
"חוט CO2 עובי 0.8 מ""מ",one size,700455345798571475,877
חולצה מכופתרת אלגנט משובצת שרוול ארוך,"4XL, 3XL, 2XL, XL, L, M, S",-1996423517076311580,29
מקטורן דריל רתכים,"5XL, 4XL, 3XL, 2XL, XL, L, M, S",2857808831311792174,40
מוט מסאז טלסקופי,one size,700455345798571475,877
לוח שנה,one size,700455345798571475,877
שלטי רול-אפ,one size,700455345798571475,877
שלטי שמשונית,one size,700455345798571475,877
פלייר נייר,"A3, A4, A5",7895006930730956144,1
כרטיס ביקור,one size,700455345798571475,877
מגנטים בהתאמה אישית,one size,700455345798571475,877
שילוט PVC,one size,700455345798571475,877
נעל  גובה 3\4 RED-LINE,"48, 47, 46, 45, 44, 43, 42, 41, 40, 39, 38, 37",-1456368307733958321,3
חולצת דרייפיט שרוול ארוך מסננת קרינה,"4XL, 3XL, 2XL, XL, L, M, S",-1996423517076311580,29
"דגמ""ח ניילון מתפרק דגם SLIGHT","4XL, 3XL, 2XL, XL, L, M, S",-1996423517076311580,29
"דגמ""ח ניילון נמתח RED-LINE","4XL, 3XL, 2XL, XL, L, M, S",-1996423517076311580,29
נעל טקטית גבוהה עם רוכסן,"48, 47, 46, 45, 44, 43, 42, 41, 40, 39, 38, 37",-1456368307733958321,3
מאוורר נייד,one size,700455345798571475,877
מוט מסאז' טלסקופי,one size,700455345798571475,877
תיק כביסה,one size,700455345798571475,877
נעל מנהלים גובה חצי תקן S3 ריאל,"47, 46, 45, 44, 43, 42, 41, 40, 39, 38, 37",-6085058773725583097,18
פנס מתכת USB רב שימושי,one size,700455345798571475,877
פאוץ' נסיעות נגד גניבות,one size,700455345798571475,877
"דגמ""ח קומנדו 6 כיסים","4XL, 3XL, 2XL, XL, L, M, S",-1996423517076311580,29
"דגמ""ח משולב לייקרה","54, 52, 50, 48, 46, 44, 42, 40, 38",-1232640563786128409,6
מכנס דריל לייקרה,"52, 50, 48, 46, 44, 42, 40, 38",2341600182330569773,3
מכנס דריל צ'ינו,"54, 52, 50, 48, 46, 44, 42, 40, 38",-1232640563786128409,6
מכנס דריל 5 כיסים,"52, 50, 48, 46, 44, 42, 40, 38",2341600182330569773,3
מכנס בנאים פרימיום+ברכיות משולב לייקרה,"52, 50, 48, 46, 44, 42, 40, 38",2341600182330569773,3
"דגמ""ח מנומר 7 כיסים משולב לייקרה","54, 52, 50, 48, 46, 44, 42, 40, 38",-1232640563786128409,6
"דגמ""ח 7 כיסים מחוזק","54, 52, 50, 48, 46, 44, 42, 40, 38, 36",5415916732221551400,1
"דגמ""ח מנומר 7 כיסים","54, 52, 50, 48, 46, 44, 42, 40, 38",-1232640563786128409,6
מכנס פרנץ' טרי ארוך,"5XL, 4XL, 3XL, 2XL, XL, L, M, S",2857808831311792174,40
"דגמ""ח מנומר עבה","48, 46, 44, 42, 40, 38",6104001198729416403,1
חגורת כלים 7 כיסים,one size,700455345798571475,877
חולצת דרייפיט שרוול קצר מידות ילדים,"18, 16, 14, 12, 10, 8, 6, 4, 2",6605960339983454621,2
חולצת טריקו שרוול קצר מידות ילדים,"18, 16, 14, 12, 10, 8, 6, 4, 2",6605960339983454621,2
כובע מצחיה מותאם להדפסה,one size,700455345798571475,877
ערכת עזרה ראשונה 19 איש - תקן משרד העבודה,one size,700455345798571475,877
זוג כפפות עבודה נגד חיתוך CUT 5 TYS,"11, 10, 9",8898365719802515050,2
זוג כפפות בד מנוקד,one size,700455345798571475,877
כובע חבטות,one size,700455345798571475,877
משקפי מגן  ספורטיביות עדשה בהירה תקן EN166,one size,700455345798571475,877
משקפי מגן  ספורטיביות עדשה כהה תקן EN166,one size,700455345798571475,877
קסדת מגן מנהלים עם פתחי אוורור ורצ'ט לסגירה תוצרת DELTA Delta Plus,one size,700455345798571475,877
כפפות ריתוך 35 ס”מ,one size,700455345798571475,877
קסדת מגן תיקנית דגם CLIMAX,one size,700455345798571475,877
רצועות אפוד עם פס מחזיר אור - צהוב,one size,700455345798571475,877
מסכת ריתוך ראש BLUE EAGLE,one size,700455345798571475,877
מסכת FFP3,one size,700455345798571475,877
"מנעול 50 מ""מ",one size,700455345798571475,877
"מנעול 38 מ""מ",one size,700455345798571475,877
נעל ספיידר 02,"47, 46, 45, 44, 43, 42, 41, 40, 39, 38, 37",-6085058773725583097,18
סינר ניילון חד פעמי (1000 יחידות),one size,700455345798571475,877
שרוול מגן מפני חיתוך,one size,700455345798571475,877
חלוק מעבדה לא ארוג עם סקוץ',one size,700455345798571475,877
סרבל חד פעמי+כובע אטום,one size,700455345798571475,877
קרטון כיסוי נעליים (1000 יחידות בקרטון),one size,700455345798571475,877
קרטון כיסוי ראש חד פעמי (1000 יח' בארגז),one size,700455345798571475,877
דלי 10 ליטר+מכסה,one size,700455345798571475,877
מכונת תספורת מקצועית מפוארת,one size,700455345798571475,877
אולר מקצועי + ביטים,one size,700455345798571475,877
כונן קשיח 1 TB,one size,700455345798571475,877
מסכה תלת שכבתית חד פעמי - מארז 50 יחידות,one size,700455345798571475,877
כפפות ניטריל ללא אבקה,"XL, L, M, S",8867857036876642248,2
כפפות לטקס עם אבקה,"XL, L, M, S",8867857036876642248,2
סכין יפני+להב חלופי,one size,700455345798571475,877
סכין יפני - מארז 12 יחידות,one size,700455345798571475,877
מגן פנים,one size,700455345798571475,877
שרוול ריתוך,one size,700455345798571475,877
תיק רחצה מותאם להדפסה,one size,700455345798571475,877
חלוק מגבת 100% כותנה,"one size, 3XL, 2XL, XL, L, M, S",-3250627405584563857,1
תיק שרוך דוגמאות,one size,700455345798571475,877
סרבל חד פעמי TYPE 4/5/6,XL,-3346039941880504145,1
"פילטר למסכת אב""כ",one size,700455345798571475,877
"מסכת אב""כ פנורמית",one size,700455345798571475,877
"סרבל חד""פ + כובע צבע לבן - 50 בקרטון","3XL, 2XL, XL, L, M, S",1285580055941491199,10
מגן ברכיים איכותי עם כיפת ג'ל,one size,700455345798571475,877
מגן ברכיים מקצועי PU,one size,700455345798571475,877
מצוף סירה,one size,700455345798571475,877
מפת שולחן איכותית,one size,700455345798571475,877
סט מצעים קינג סייז,one size,700455345798571475,877
גזיה לבישול שטח,one size,700455345798571475,877
מלחיה מפוארת בודדת,one size,700455345798571475,877
"שקיות זילוף חד פעמי 40 ס""מ מארז 10 יח'",one size,700455345798571475,877
חגורת עור אמיתי דגם איטליה,one size,700455345798571475,877
כובע דייגים צבעוני,one size,700455345798571475,877
כובע דייגים ילדים,one size,700455345798571475,877
תיק צד צבאי הסוואה לחגורה,one size,700455345798571475,877
באף בנדנה,one size,700455345798571475,877
תיק צד דמוי עור,one size,700455345798571475,877
מעמד מגנטי לדשבורד 360 מעלות מפואר,one size,700455345798571475,877
ראש מטען קיר 2 יציאות,one size,700455345798571475,877
ראש מטען קיר USB,one size,700455345798571475,877
מפצל 3 יציאות USB לחשמל,one size,700455345798571475,877
פנס ראש נטען,one size,700455345798571475,877
מתאם חשמל אוניברסלי לנסיעות,one size,700455345798571475,877
מצית טורבו בייסיק 50 יח' במארז,one size,700455345798571475,877
נעל 810 ללא מגן,"48, 47, 46, 45, 44, 43, 42, 41, 40",915583855365264858,1
מצופים לילדים,one size,700455345798571475,877
סט מצעים לילדים,one size,700455345798571475,877
כובע מצחיה מדוגם צבאי,one size,700455345798571475,877
סט ערכת תפירה בליסטר,one size,700455345798571475,877
עכבר מחשב חוטי,one size,700455345798571475,877
כפפות בד בד,one size,700455345798571475,877
כפפות מגן ורידים,one size,700455345798571475,877
"דגמ""ח בנאים","3XL, 2XL, XL, L, M, S",1285580055941491199,10
תחתית לסיר סיליקון,one size,700455345798571475,877
"שיפודי עץ 15 ס""מ ארוז 100",one size,700455345798571475,877
"שיפודי עץ עגול 30 ס""מ ארוז 50",one size,700455345798571475,877
מגף גומי איכותי S5,"47, 46, 45, 44, 43, 42, 41, 40, 39",-7795759257685808577,4
פאוץ' עור גדול,one size,700455345798571475,877
תיק צד הודו,one size,700455345798571475,877
זוג רשתות נירוסטה לכיור,one size,700455345798571475,877
סט 2 יחידות מתלה מגבות,one size,700455345798571475,877
מגף עבודה וטיולים,"47, 46, 45, 44, 43, 42, 41, 40, 39",-7795759257685808577,4
חבל קפיצה עם מונה,one size,700455345798571475,877
מדבקות פאן מיני,one size,700455345798571475,877
מדבקות חדש מיקס,one size,700455345798571475,877
מדבקות מיקס חדש,one size,700455345798571475,877
מדבקות עיגולים לבד,one size,700455345798571475,877
מדבקות שקוף מאפים,one size,700455345798571475,877
מדבקות שקוף חדש,one size,700455345798571475,877
מדבקות מיקס לבד,one size,700455345798571475,877
מדבקות דגם עייניים,one size,700455345798571475,877
מדבקות סטוק,one size,700455345798571475,877
מדבקות אבני שיבוץ מיני חדש,one size,700455345798571475,877
מדבקות מיקס חדש סטוק,one size,700455345798571475,877
סינר תינוק ארוז 7יח,one size,700455345798571475,877
סט דוג דגים מנגן+אורות,one size,700455345798571475,877
מפית מגבת מיני,one size,700455345798571475,877
אקדח ספוגים,one size,700455345798571475,877
אקדח יורה דיסק + ספוגים,one size,700455345798571475,877
ערכת קעקועים,one size,700455345798571475,877
בלון אורז גדול,one size,700455345798571475,877
משחק 6 ב1 מארז קופסא,one size,700455345798571475,877
להיט תותח בועות,one size,700455345798571475,877
שום מתפוצץ קופסא,one size,700455345798571475,877
סיכות סבתא שחור,one size,700455345798571475,877
מנעול אופניים חדש,one size,700455345798571475,877
סכום זוגי ילדים,one size,700455345798571475,877
משחק דוקים עץ במארז עץ,one size,700455345798571475,877
סט ניפוח לאופניים וכדורים לוח,one size,700455345798571475,877
מנפח כדורים,one size,700455345798571475,877
כדור קוצים גומי,one size,700455345798571475,877
כדור מתנפח צבעים מיטלי ענק,one size,700455345798571475,877
כדור בד צבעוני גודל 6 אינץ ברשת,one size,700455345798571475,877
משחק כדורגל ענק קופסא,one size,700455345798571475,877
מגנט אותיות חדש לוח,one size,700455345798571475,877
מגנט אותיות עברית,one size,700455345798571475,877
לוח מחיק (18*28) חדש,one size,700455345798571475,877
לגו מתכת קופסא בדיספליי,one size,700455345798571475,877
לגו הרכבה זוגי,one size,700455345798571475,877
כלי עבודה לוח בנוני,one size,700455345798571475,877
כלי מטבח כסף,one size,700455345798571475,877
כדורסל גודל 5 צבעוני,one size,700455345798571475,877
כדורסל איכותי ביותר! דמויות,one size,700455345798571475,877
כדורגל איכותי משושים,one size,700455345798571475,877
כדורגל איכותי מיקס צבעים,one size,700455345798571475,877
"כדור ענבים גודל 5ס""מ",one size,700455345798571475,877
כדור כוח עם גומי,one size,700455345798571475,877
כדור יד 100 גרם,one size,700455345798571475,877
יצירה צבעים שפורפרת קופסא,one size,700455345798571475,877
יצירה ממותג (25מדב+24דפי ציור+צבעים) מיקס 2,one size,700455345798571475,877
יצירה ממותג (25מדב+24דפי ציור+צבעים) מיקס,one size,700455345798571475,877
יצירה גירוד דובי לבבות,one size,700455345798571475,877
יצירה טושים פוני ממותג,one size,700455345798571475,877
יומולדת כיסוי יומולדת שמח לכיסא,one size,700455345798571475,877
יומולדת כרזה נפתחת,one size,700455345798571475,877
יומולדת סרט קישוט משולש סמיילי,one size,700455345798571475,877
חניון מעץ קופסא,one size,700455345798571475,877
חניון לוחמי אש קופסא,one size,700455345798571475,877
חיות קפסולה (חיות פרא) גודל במים,one size,700455345798571475,877
חיות קפסולה (חיות אוקיינוס) גודל במים,one size,700455345798571475,877
חיות קפסולה (חד קרן) גודל במים,one size,700455345798571475,877
חיות קפסולה (דינוזאורים) גודל במים,one size,700455345798571475,877
חבל קפיצה מונה,one size,700455345798571475,877
זוג קלפים + קוביות,one size,700455345798571475,877
בקבוק חלב בינוני לתינוק,one size,700455345798571475,877
בצק קליי צבעוני קרטיב קופסא,one size,700455345798571475,877
בצק קליי צבעוני עוגות קופסא,one size,700455345798571475,877
בצק קליי צבעוני מיקס קופסא,one size,700455345798571475,877
בצק לושלוש סט 12 יח' שקית,one size,700455345798571475,877
בלון ניפוח עצמי עוגה עם לב,one size,700455345798571475,877
בלון ניפוח עצמי HAPPY BIRTHDAY,one size,700455345798571475,877
בלון ניפוח (שפתיים) עצמי,one size,700455345798571475,877
בלון ניפוח (ערכת פארטי) עצמי,one size,700455345798571475,877
בלון ניפוח (כדורגל) עצמי,one size,700455345798571475,877
בלון ניפוח (יומולדת מלך/מלכה) עצמי,one size,700455345798571475,877
בלון ניפוח (חיות מיקס) עצמי,one size,700455345798571475,877
בלון ניפוח (הולדת בן/בת) עצמי,one size,700455345798571475,877
בלון ניפוח (בקבוק שמפניה) עצמי,one size,700455345798571475,877
בלון ניפוח (חתונות) עצמי,one size,700455345798571475,877
בלון ניפוח (הולדת הבן/בת דגם פפיון) עצמי,one size,700455345798571475,877
בלון ניפוח (I LOVE YOU ) עצמי,one size,700455345798571475,877
בלון ניפוח (HAPPY BIRTHDATׂ) עצמי מיקס דוגמאות,one size,700455345798571475,877
בלון ניפוח (כדורסל) עצמי,one size,700455345798571475,877
תיק קירור קטן,one size,700455345798571475,877
תיק קירור גדול,one size,700455345798571475,877
"תותח מים איכותי 42 ס""מ חדש",one size,700455345798571475,877
"תותח מים 67 ס""מ ענקקק מטורף",one size,700455345798571475,877
"תותח מים 56ס""מ",one size,700455345798571475,877
"תותח מים 49 ס""מ",one size,700455345798571475,877
"תותח מים 50 ס""מ",one size,700455345798571475,877
"תותח מים 48 ס""מ גדול",one size,700455345798571475,877
"תותח מים 47 ס""מ פיויסי",one size,700455345798571475,877
"תותח מים 2 צבעים 45 ס""מ",one size,700455345798571475,877
"תותח מים 47 ס""מ גדול",one size,700455345798571475,877
רובה מים+מנשא גב מטרה PUBG,one size,700455345798571475,877
רובה מים שמש,one size,700455345798571475,877
רובה מים בצורת סוס,one size,700455345798571475,877
רובה מים חד קרן,one size,700455345798571475,877
רובה מים בצורת דינוזאור,one size,700455345798571475,877
עפיפון חדש ענק,one size,700455345798571475,877
עפיפון צבעוני בינוני,one size,700455345798571475,877
משקפת ים דגם חיות,one size,700455345798571475,877
משקפת צלילה+שנורקל,one size,700455345798571475,877
משחק מטקות קשתות,one size,700455345798571475,877
משחק מטקות עץ עבה,one size,700455345798571475,877
משחק מטקות ספוג דובי,one size,700455345798571475,877
משחק מטקות ספוג אריה,one size,700455345798571475,877
משחק מטקות חדש,one size,700455345798571475,877
משחק מטקות פלסטיק,one size,700455345798571475,877
משחק בייסבול אלה,one size,700455345798571475,877
משחק גוגו רשת חדש,one size,700455345798571475,877
מזרק מים דיספליי ענק,one size,700455345798571475,877
מזרק מים מגרפה ענק,one size,700455345798571475,877
מזרק מים דו ראשי,one size,700455345798571475,877
מזרק מים 5*30 עבה דיספליי,one size,700455345798571475,877
לבריכה חיה מתנפחת קופסא,one size,700455345798571475,877
כלי ים משפך איכותי חדש,one size,700455345798571475,877
כלי ים רכבת,one size,700455345798571475,877
כלי ים משאית,one size,700455345798571475,877
כלי ים משאית+כלים,one size,700455345798571475,877
כוס עם הפתעה,one size,700455345798571475,877
יצירה מדבקות שחור חופשה נעימה,one size,700455345798571475,877
יצירה טושים חופשה נעימה,one size,700455345798571475,877
חוברת צביעה חופשה נעימה,one size,700455345798571475,877
גלגל ים גדול 90,one size,700455345798571475,877
גלגל ים איכותי 90,one size,700455345798571475,877
גלגל ים איכותי 80,one size,700455345798571475,877
בלוני מים חדש,one size,700455345798571475,877
בלוני מים 50 יח' דיספליי,one size,700455345798571475,877
בלוני מים 100 יח',one size,700455345798571475,877
מזרק מים 50*5 עבה,one size,700455345798571475,877
נמעכים רובוט,one size,700455345798571475,877
נמעכים חיות כלב,one size,700455345798571475,877
נמעכים חיות ברבור,one size,700455345798571475,877
נמעכים דינוזאור,one size,700455345798571475,877
להיט ספינר חדש בליסטר,one size,700455345798571475,877
כדור לחץ תמנון,one size,700455345798571475,877
"זיקוק במארז זוגי  18ס""מ",one size,700455345798571475,877
מגף עבודה בייסיק S3,"47, 46, 45, 44, 43, 42, 41, 40, 39, 38, 37, 36",739583987545114828,14
FREE FLOW,one size,700455345798571475,877
בנדנה צבעונית,one size,700455345798571475,877
פאוץ' צבעוני נצנצים,one size,700455345798571475,877
מגבעת לגבר,one size,700455345798571475,877
מסכת פנים דרייפיט,one size,700455345798571475,877
קולפן 3 באחד,one size,700455345798571475,877
קופסה פח רטרו בודד,one size,700455345798571475,877
משקל מטבח TERMA,one size,700455345798571475,877
מספריים לילדים,one size,700455345798571475,877
מארז כבל הטענה 20 יח',one size,700455345798571475,877
אטבים סיליקון,one size,700455345798571475,877
"קרחום לצידנית 200 מ""ל",one size,700455345798571475,877
"פינג'ן נירוסטה 850 מ""ל",one size,700455345798571475,877
סט סכינים פלטינום,one size,700455345798571475,877
מגבת מטבח איכותית,one size,700455345798571475,877
מגבת מטבח לי-קופר,one size,700455345798571475,877
סדין גומי למיטת יחיד,one size,700455345798571475,877
זוג ציפיות לכרית,one size,700455345798571475,877
שמיכת קיץ זוגית איכותית,one size,700455345798571475,877
שמיכת פיקה יחיד,one size,700455345798571475,877
סט מצעים יחיד,one size,700455345798571475,877
בגד ים צבעוני,"XL, L, M, S, XS",-5563654314778567286,1
מכופתרת צבעונית שרוול ארוך,"2XL, XL, L, M, S",1113304725121576563,7
"קערה פלסטיק 135 מ""ל",one size,700455345798571475,877
צינור דוש 1.50 מטר,one size,700455345798571475,877
ארנק דמוי עור,one size,700455345798571475,877
מלקחיים גדול,one size,700455345798571475,877
רשת לכיור אמריקאי,one size,700455345798571475,877
קולב הדבקה פלסטיק,one size,700455345798571475,877
שקית ואקום 70*100,one size,700455345798571475,877
שקית ואקום 60*80,one size,700455345798571475,877
שרשרת לדים 10 מטר,one size,700455345798571475,877
ספל קפה זכוכית,one size,700455345798571475,877
חתול מזל זהב,one size,700455345798571475,877
מלקחיים קטנים,one size,700455345798571475,877
מכתש ועלי במבוק,one size,700455345798571475,877
סוללות אלקליין חזקים AAA,one size,700455345798571475,877
סוללות אלקליין חזקים AA,one size,700455345798571475,877
"קופסת אחסנה  1000 מ""ל סט 2",one size,700455345798571475,877
"קופסת אחסנה  750 מ""ל סט 2",one size,700455345798571475,877
"קופסא מלבנית 830 מ""ל",one size,700455345798571475,877
"קופסא מלבנית 450 מ""ל",one size,700455345798571475,877
מגף ריינו שחור,"48, 47, 46, 45, 44, 43, 42, 41, 40, 39, 38, 37, 36",-7829411099899344912,6
מגף ריינו חום,"35, 48, 47, 46, 45, 44, 43, 42, 41, 40, 39, 38, 37, 36",-6195065858061988010,1
נעל עבודה עם תקן S3,"48, 47, 46, 45, 44, 43, 42, 41, 40, 39, 38, 37, 36",-7829411099899344912,6
נעל עבודה 3/4,"47, 46, 45, 44, 43, 42, 41, 40, 39, 38, 37",-6085058773725583097,18
כפפות עבודה נגד חיתוך מארז 3 זוגות,"11, 10, 9",8898365719802515050,2
חולצת טריקו שרוול ארוך,"5XL, 4XL, 3XL, 2XL, XL, L, M, S",2857808831311792174,40
פותחן מלצרים,one size,700455345798571475,877
חולצת דרייפיט שרוול קצר,"5XL, 4XL, 3XL, 2XL, XL, L, M, S",2857808831311792174,40
חולצת טריקו 160 גרם שרוול קצר,"5XL, 4XL, 3XL, 2XL, XL, L, M, S",2857808831311792174,40
נעל איגל S3,"47, 46, 45, 44, 43, 42, 41, 40, 39, 38, 37",-6085058773725583097,18
פנדה אלפא,"47, 46, 45, 44, 43, 42, 41, 40, 38, 37, 36",8039213409942694211,1
נעל עבודה חצי S1P,"47, 46, 45, 44, 43, 42, 41, 40, 39, 38, 37",-6085058773725583097,18
מכנס ג'ינס,"54, 52, 50, 48, 46, 44, 42, 40",8820707240116798002,2
מעיל איכותי,"5XL, 4XL, 3XL, 2XL, XL, L, M, S",2857808831311792174,40
מכנס בנאים משולב כותנה ולייקרה,"3XL, 2XL, XL, L, M, S",1285580055941491199,10
חולצת טריקו 140 גרם שרוול קצר,"5XL, 4XL, 3XL, 2XL, XL, L, M, S",2857808831311792174,40
"דגמ""ח אינדאני","5XL, 4XL, 3XL, 2XL, XL, L, M, S",2857808831311792174,40
חולצת דרייפיט פולו שרוול קצר,"5XL, 4XL, 3XL, 2XL, XL, L, M, S",2857808831311792174,40
חולצת פולו שרוול קצר,"4XL, 3XL, 2XL, XL, L, M, S",-1996423517076311580,29
סרבל שלם,"5XL, 4XL, 3XL, 2XL, XL, L, M, S",2857808831311792174,40
חולצת דרייפיט שרוול ארוך,"5XL, 4XL, 3XL, 2XL, XL, L, M, S",2857808831311792174,40
חולצה טרמית,"2XL, XL, L, M, S",1113304725121576563,7
חולצת עבודה,"5XL, 4XL, 3XL, 2XL, XL, L, M, S",2857808831311792174,40
"דגמ""ח קצר","3XL, 2XL, XL, L, M, S",1285580055941491199,10
מקטורן שרוול קצר,"5XL, 4XL, 3XL, 2XL, XL, L, M, S",2857808831311792174,40
קרוקס קלאסיק,"35, 47, 46, 45, 44, 43, 42, 41, 40, 39, 38, 37, 36",-7550857773553474261,1
פנדה מונביסו,"48, 47, 46, 45, 44, 43, 42, 41, 40, 39, 38, 37, 36",-7829411099899344912,6
כפכפי אצבע,"46, 45, 44, 43, 42, 41, 40, 39, 38, 37",258164173730187906,4
"דגמ""ח ג'ינס","4XL, 3XL, 2XL, XL, L, M, S",-1996423517076311580,29
מכנס טבחים פסים,"5XL, 4XL, 3XL, 2XL, XL, L, M, S",2857808831311792174,40
חלוק שרוול קצר\ארוך,"5XL, 4XL, 3XL, 2XL, XL, L, M, S",2857808831311792174,40
חולצת פלאנל,"2XL, XL, L, M, S",1113304725121576563,7
מגף גומי איכותי,"46, 45, 44, 43, 42, 41, 40, 39, 38, 37, 36",8437569071728182828,5
חרמונית,"4XL, 3XL, 2XL, XL, L, M, S",-1996423517076311580,29
מעיל טייסים,"5XL, 4XL, 3XL, 2XL, XL, L, M, S",2857808831311792174,40
כפפות עבודה PU,"12, 11, 10, 9",-6325013520993189580,2
כפפות עבודה לטקס מוקצף,"12, 11, 10, 9",-6325013520993189580,2
אוזניות מגן עם חיבור לקסדה,one size,700455345798571475,877
אוזניות בטיחות מקצועיות,one size,700455345798571475,877
"מוט מטאטא מתכת 130 ס""מ",one size,700455345798571475,877
"קרחום צידנית 400 מ""ל",one size,700455345798571475,877
"כובע ילדים דגם ""פנדה""",one size,700455345798571475,877
ארנק עור חלק לגבר,one size,700455345798571475,877
יומן שבועי יוקרתי,one size,700455345798571475,877
קצפת לפנים,one size,700455345798571475,877
משחק הצוללות,one size,700455345798571475,877
משחק כדורסל,one size,700455345798571475,877
קובייה הונגרית,one size,700455345798571475,877
כלי שח מט גדולים,one size,700455345798571475,877
משחק ג'נגה,one size,700455345798571475,877
משחק דייג הדגים,one size,700455345798571475,877
אקדח כדורים רכים,one size,700455345798571475,877
חרוזים להשחלה בקופסה,one size,700455345798571475,877
סט אפיה,one size,700455345798571475,877
סט איפור אובלי,one size,700455345798571475,877
קפיץ מדרגות גדול,one size,700455345798571475,877
קוביות עץ 100 יחידות,one size,700455345798571475,877
צורות להשחלה בקופסה,one size,700455345798571475,877
דומינו ראלי בסיסי,one size,700455345798571475,877
דומינו ראלי אקסטרים,one size,700455345798571475,877
חרוזים לגיהוץ,one size,700455345798571475,877
יצירה בהתזת צבע,one size,700455345798571475,877
יצירה תבניות גבס חיות,one size,700455345798571475,877
סט 4 דפים שחורים לגירוד,one size,700455345798571475,877
פזל 108 חלקים ספר הג'ונגל דו צדדי,one size,700455345798571475,877
סט 3 כדורי טניס בקופסה,one size,700455345798571475,877
סט 3 כדורי טניס בשקית,one size,700455345798571475,877
כדורגל תפור מס 5,one size,700455345798571475,877
אלת בייסבול וכדור ספוג,one size,700455345798571475,877
"חישוק איכותי 60 ס""מ",one size,700455345798571475,877
חישוק סל מקצועי,one size,700455345798571475,877
כדור פילאטיס,one size,700455345798571475,877
מטקה תופסת סקווטש,one size,700455345798571475,877
"מנהרה 180 ס""מ",one size,700455345798571475,877
מצנח 2 מטר,one size,700455345798571475,877
מצנח פעילות 3.5 מטר,one size,700455345798571475,877
מטקות חלולות,one size,700455345798571475,877
משאבה לכדורים,one size,700455345798571475,877
מתקן איגרוף עם משטח,one size,700455345798571475,877
סולם קורדינציה 12 שלבים,one size,700455345798571475,877
"עמוד לוח כדורסל 150 ס""מ",one size,700455345798571475,877
סט פינג פונג,one size,700455345798571475,877
צלחת מעופפת מקצועית 175 גרם,one size,700455345798571475,877
כדור קרניים,one size,700455345798571475,877
סט קפה תה סוכר נירוסטה,one size,700455345798571475,877
ספל עשוי קרמיקה,one size,700455345798571475,877
סוללות AA עם תלייה,one size,700455345798571475,877
כובע צמר לנוער,one size,700455345798571475,877
סט 4 חלקים לאמבטיה,one size,700455345798571475,877
סלסלת מיני,one size,700455345798571475,877
מארז סיכות ביטחון,one size,700455345798571475,877
כובע גברים סרוג עם פרווה,one size,700455345798571475,877
"קופסה 450 מ""ל מחולקת",one size,700455345798571475,877
גליל אווה 3 מטר,one size,700455345798571475,877
קוטל תיקנים/נמלים ג'ל,one size,700455345798571475,877
"שקיות זילוף חד פעמי 40 ס""מ מארז 25 יח'",one size,700455345798571475,877
מלחייה מזכוכית דגם מרובע,one size,700455345798571475,877
קסדת בטיחות מקצועית,one size,700455345798571475,877
תחבושת אלסטית זוג קרסול,one size,700455345798571475,877
ווסט בטיחות זוהר,one size,700455345798571475,877
ערכת פוקר 100 ז'יטונים,one size,700455345798571475,877
"דבק דו צדדי 19 מ""מ 2 מטר אורך",one size,700455345798571475,877
כובע אוסטרלי,one size,700455345798571475,877
כובע מצחייה ראפרים,one size,700455345798571475,877
אוהל איגלו 2 אנשים 2 חלונות,one size,700455345798571475,877
כובע ספורט,one size,700455345798571475,877
"דבק מגע 50 מ""ל",one size,700455345798571475,877
כוס ילדים + ידית,one size,700455345798571475,877
ארטיקון שישה,one size,700455345798571475,877
מתלה מגבות 2 יח',one size,700455345798571475,877
תיק שרוך,one size,700455345798571475,877
כובע ליגיונר דרייפיט,one size,700455345798571475,877
סט ערכת תפירה,one size,700455345798571475,877
גרבי צבא,one size,700455345798571475,877
זוג סוללות D,one size,700455345798571475,877
מתאם משקע אמריקאי לישראלי,one size,700455345798571475,877
מטען קיר ראש+כבל Micro USB SAMSUNG ORIGINAL,one size,700455345798571475,877
כבל טעינה אייפון מאושר אפל,one size,700455345798571475,877
מצעים זוגי,one size,700455345798571475,877
פאוץ' צבעי הסוואה,one size,700455345798571475,877
סט 4 קופסאות אכסון,one size,700455345798571475,877
אטמי אוזניים לדיספנסר,one size,700455345798571475,877
תיק רחצה נתלה,one size,700455345798571475,877
"צנצנת 1150 מ""ל",one size,700455345798571475,877
"קופסא מלבנית 570 מ""ל",one size,700455345798571475,877
כובע סהרה רשת,one size,700455345798571475,877
כובע וויזר נשים,one size,700455345798571475,877
כפפות ריתוך,one size,700455345798571475,877
כפפות ריתוך מקצועיות,one size,700455345798571475,877
משקפי בטיחות מבקרים,one size,700455345798571475,877
אטמי אוזניים ספוג עם שרוך,one size,700455345798571475,877
דיספנסר אטמי אוזניים,one size,700455345798571475,877
סט קופסאות עגולות,one size,700455345798571475,877
קופסה אטומה מחולקת,one size,700455345798571475,877
פותחן מפואר,one size,700455345798571475,877
סוללה V9,one size,700455345798571475,877
פקק כיור אוניברסלי,one size,700455345798571475,877
גליל אווה 1 מטר,one size,700455345798571475,877
שטיח אמבטיה מפואר,one size,700455345798571475,877
כיסוי עיניים בד,one size,700455345798571475,877
ארנק צד בד לחגורה,one size,700455345798571475,877
אוזניית בלוטוס שלט קפיצית - RETRACTABLE,one size,700455345798571475,877
כפפות אימון,one size,700455345798571475,877
שטיח אמבטיה,one size,700455345798571475,877
אטמי אוזניים סיליקון,one size,700455345798571475,877
סינר שלם,one size,700455345798571475,877
ביגוד חד פעמי,one size,700455345798571475,877
"ציוד התמגנות ""קורונה"" ,",one size,700455345798571475,877
"ציוד התמגנות ""קורונה"".",one size,700455345798571475,877
כובע מצחיה 6 פאנל,one size,700455345798571475,877
כובע ליגיונר,one size,700455345798571475,877
קסדת עבודה בגובה,one size,700455345798571475,877
כובע דרייפיט,one size,700455345798571475,877
משקפי בטיחות מקצועיות UV,one size,700455345798571475,877
כובע דייגים,one size,700455345798571475,877
רתמת עבודה בגובה,one size,700455345798571475,877
משקפי מגן שקופות,one size,700455345798571475,877
מאפרות זכוכית,one size,700455345798571475,877
אטמי אוזניים ספוג ללא שרוך,one size,700455345798571475,877
פאוץ' ריצה,one size,700455345798571475,877
אוזניות בטיחות פשוטות,one size,700455345798571475,877
משקפי מגן גוגלס,one size,700455345798571475,877
תאורת חירום,one size,700455345798571475,877
פאקט מצתים קליפר,one size,700455345798571475,877
כובע סרוג פונפון נשים,one size,700455345798571475,877
חם צוואר משולב כובע,one size,700455345798571475,877
"כובע צמר לנוער ""חייזר""",one size,700455345798571475,877
"כובע צמר לנוער ""סמיילי""",one size,700455345798571475,877
"צעיף ""פס לבן""",one size,700455345798571475,877
חם צוואר במגוון צבעים,one size,700455345798571475,877
מכונת גלגול סיגריות,one size,700455345798571475,877
"כובע סרוג אופנתי ""מעויינים""",one size,700455345798571475,877
מגרד גב טלסקופי גלגל,one size,700455345798571475,877
מטרייה מנומרת מתקפלת,one size,700455345798571475,877
"מטריית ילדים דגם ""UNICORN""",one size,700455345798571475,877
"מטרייה דגם ""ג'ונסון""",one size,700455345798571475,877
כובע קסקט סרוג,one size,700455345798571475,877
כובע פסים סרוג,one size,700455345798571475,877
מטריה מעוצבת משבצות,one size,700455345798571475,877
כפפות טאץ' לסלולר,one size,700455345798571475,877
מטען קיר SPEEDY,one size,700455345798571475,877
צעיף עגול נשים,one size,700455345798571475,877
מטען קיר מיקרו USB פרימיום,one size,700455345798571475,877
צעיף פליז,one size,700455345798571475,877
משקפת צלילה ושנורקל,one size,700455345798571475,877
מטריה מתהפכת,one size,700455345798571475,877
משקפי שמש,one size,700455345798571475,877
פאוץ' לפאלפון נקשר ליד,one size,700455345798571475,877
מגרד גב ותופסן לנעליים עץ,one size,700455345798571475,877
דמוי מצלמת אבטחה,one size,700455345798571475,877
פינצטה,one size,700455345798571475,877
שרשרת לדים 5 מטר,one size,700455345798571475,877
שעון דיגיטאלי דמוי עץ,one size,700455345798571475,877
מגפון גדול,one size,700455345798571475,877
מגפון קטן,one size,700455345798571475,877
שעון דיגיטאלי גדול לקיר,one size,700455345798571475,877
מילוי למצית,one size,700455345798571475,877
מילוי לזיפו,one size,700455345798571475,877
מאפרה קריסטל,one size,700455345798571475,877
נרתיק לטבק,one size,700455345798571475,877
גריינדר טבק פלסטיק,one size,700455345798571475,877
מצית טורבו מתכת,one size,700455345798571475,877
גריינדר טבק מתכת,one size,700455345798571475,877
מטען קיר לאייפון 6 ומעלה,one size,700455345798571475,877
כבל טעינה TYPE C,one size,700455345798571475,877
אוזניות מיקרופון בייסיק,one size,700455345798571475,877
מטען USB 4 יציאות,one size,700455345798571475,877
רמקול אקסטרים,one size,700455345798571475,877
מטען רכב אייפון מאושר אפל,one size,700455345798571475,877
מטען רכב TYPE C- פרימיום,one size,700455345798571475,877
רמקול נייד דגם lightning,one size,700455345798571475,877
מטען קיר מיקרו USB,one size,700455345798571475,877
רמקול נייד דגם radio,one size,700455345798571475,877
מטען USB למצת רכב 2 יציאות,one size,700455345798571475,877
מטען רכב מיקרו USB- פרימיום,one size,700455345798571475,877
בידורית 12 אינץ',one size,700455345798571475,877
כבל 2 מטר AUX,one size,700455345798571475,877
"סוללת גיבוי 20,000MAH",one size,700455345798571475,877
מטען רכב TYPE C באריזת בליסטר,one size,700455345798571475,877
כבל טעינה לאייפון,one size,700455345798571475,877
מתלה עם דבק דוץ,one size,700455345798571475,877
מעמד מגנטי טלסקופי לרכב,one size,700455345798571475,877
חולצת טריקו V,"4XL, 3XL, 2XL, XL, L, M, S",-1996423517076311580,29
זרוע לרכב,one size,700455345798571475,877
פוטר ניקי,"5XL, 4XL, 3XL, 2XL, XL, L, M, S",2857808831311792174,40
סופטשל ללא פרווה,"5XL, 4XL, 3XL, 2XL, XL, L, M, S",2857808831311792174,40
מעיל דובון,"5XL, 4XL, 3XL, 2XL, XL, L, M, S",2857808831311792174,40
מעיל פוך,"5XL, 4XL, 3XL, 2XL, XL, L, M, S",2857808831311792174,40
פליז חד צידי,"5XL, 4XL, 3XL, 2XL, XL, L, M, S",2857808831311792174,40
כובע סהרה חגורה,one size,700455345798571475,877
פליז דו צידי,"5XL, 4XL, 3XL, 2XL, XL, L, M, S",2857808831311792174,40
חליפת גשם פס זוהר,"2XL, L",8309461519487475752,1
מגן פנים,one size,700455345798571475,877
גרבי ספורט,one size,700455345798571475,877
פאקט מצתים,one size,700455345798571475,877
קפוצ'ון קנגרו,"5XL, 4XL, 3XL, 2XL, XL, L, M, S",2857808831311792174,40
פוטר צווארון,"5XL, 4XL, 3XL, 2XL, XL, L, M, S",2857808831311792174,40
מעיל פוך עם כובע,"5XL, 4XL, 3XL, 2XL, XL, L, M, S",2857808831311792174,40
קפוצ'ון רוכסן,"5XL, 4XL, 3XL, 2XL, XL, L, M, S",2857808831311792174,40
נעל בטיחות ספורטיבית צבע כתום,"47, 46, 45, 44, 43, 42, 41, 40, 39, 38, 37",-6085058773725583097,18
מכנס ניילון משולב לייקרה,"54, 52, 50, 48, 46, 44, 42, 40, 38",-1232640563786128409,6
מכנס ניילון מתפרק,"54, 52, 50, 48, 46, 44, 42, 40, 38",-1232640563786128409,6
נעל בטיחות ספורטיבית צבע אדום,"47, 46, 45, 44, 43, 42, 41, 40, 39, 38, 37",-6085058773725583097,18
מכנס ספורט דרייפיט קצר,"4XL, 3XL, 2XL, XL, L, M, S",-1996423517076311580,29
כובע פונפון ילדים,one size,700455345798571475,877
מחמם אוזניים,one size,700455345798571475,877
כפפות פליז סקוץ' הידוק,one size,700455345798571475,877
צעיף גברים מעוצב,one size,700455345798571475,877
מקטורן שף,"5XL, 4XL, 3XL, 2XL, XL, L, M, S",2857808831311792174,40
מטען קיר TYPE C- פרימיום,one size,700455345798571475,877
מכופתרת שרוול קצר,"5XL, 4XL, 3XL, 2XL, XL, L, M, S",2857808831311792174,40
מחמם אוזניים פרוותי,one size,700455345798571475,877
מסאז' ראש,one size,700455345798571475,877
תאורת לד מסתובבת,one size,700455345798571475,877
נעל בית פתוחה,"46, 45, 44, 43, 42, 41, 40, 39, 38, 37, 36",8437569071728182828,5
חגורות עור לגבר,"2XL, XL, L, M, S",1113304725121576563,7
מאפרה חורים,one size,700455345798571475,877
מאפרה פח חורים,one size,700455345798571475,877
מצית טורבו שקוף,one size,700455345798571475,877
כבל מטאלי טייפ סי לטייפ סי,one size,700455345798571475,877
כבל מתאם AUDIO למכשירי אייפון,one size,700455345798571475,877
מעיל פוך ללא כובע,"4XL, 3XL, 2XL, XL, L, M, S",-1996423517076311580,29
מעיל גשם,"XL, L, M",-1840937229705900165,1
נעלי בית קיפי,"45, 44, 43, 42, 41, 40, 39, 38, 37",-249167813622872857,1
סנדלי עור איכותיים,"46, 45, 44, 43, 42, 41, 40, 39, 38",8564759695608590416,1
כפכף פס רחב,"46, 45, 44, 43, 42, 39, 38, 37, 36",2304686534830436107,1
בוקסר אמריקאי,"2XL, XL, L, M, S",1113304725121576563,7
גרבי קרסול,"39-42, 43-47",8592918970513855695,3
ג'קט ספארי,"4XL, 3XL, 2XL, XL, L, M, S",-1996423517076311580,29
כפכף סגור דמוי קרוקס,"45, 44, 43, 42, 41, 40, 39, 38, 37, 36",-4854479021754121983,1
חליפת סערה צהובה,"XL, L",536627888644494243,1
גרבי ילדים,"34-39, 28-34",-5373194163679762993,1
מכופתרת שרוול ארוך,"4XL, 3XL, 2XL, XL, L, M, S",-1996423517076311580,29
ג'ינס קצר,"4XL, 3XL, 2XL, XL, L, M, S",-1996423517076311580,29
מגבת פנים,one size,700455345798571475,877
בוקסר שלישייה,"4XL, 3XL, 2XL, XL, L, M, S",-1996423517076311580,29
גופיית סבא לגבר,"5XL, 4XL, 3XL, 2XL, XL, L, M, S",2857808831311792174,40
בוקסר יחיד,"4XL, 3XL, 2XL, XL, L, M, S",-1996423517076311580,29
גרבי בובה,"39-42, 43-47",8592918970513855695,3
מכונת גילוח גברים,one size,700455345798571475,877
כפכף אצבע בייסיק,"45, 44, 43, 42, 41, 40",-2701311821695586958,1
גליל דבק שקוף 100 מ',one size,700455345798571475,877
כובע צמר חד קרן,one size,700455345798571475,877
שק כביסה,one size,700455345798571475,877
מעיל פוך ווסט,"5XL, 4XL, 3XL, 2XL, XL, L, M, S",2857808831311792174,40
תיק צד עור לגבר,one size,700455345798571475,877
יאה כף אשפה,one size,700455345798571475,877
כפפות בישול סיליקון,one size,700455345798571475,877
טייגר בלאם,one size,700455345798571475,877
כף עץ מרית ידית סיליקון,one size,700455345798571475,877
סרבל גנן,"5XL, 4XL, 3XL, 2XL, XL, L, M, S",2857808831311792174,40
מגבת ספורט ייבוש מהיר,one size,700455345798571475,877
"פלטה ישרה למריחה 12 ס""מ",one size,700455345798571475,877
כובע סהרה,one size,700455345798571475,877
מכנס טרמי,"2XL, XL, L, M, S",1113304725121576563,7
מגף ספיידר חום,"47, 46, 45, 44, 43, 42, 41, 40, 39, 38, 37",-6085058773725583097,18
סט תיקון פנצ'ר אופניים פשוט,one size,700455345798571475,877
כיסא ים במאי,one size,700455345798571475,877
חולצה אמריקאית,"4XL, 3XL, 2XL, XL, L, M, S",-1996423517076311580,29
מגף איגל,"47, 46, 45, 44, 43, 42, 41, 40, 39, 38, 37",-6085058773725583097,18
ברנר,one size,700455345798571475,877
שירותון,one size,700455345798571475,877
סופטשל פרווה,"5XL, 4XL, 3XL, 2XL, XL, L, M, S",2857808831311792174,40
פורס ביצים 2 מצבים,one size,700455345798571475,877
כובע פונפון נצנצים נשים,one size,700455345798571475,877
גרבי כותנה,"39-42, 43-47",8592918970513855695,3
זוג תחתונים משולש,"3XL, 2XL, XL, L, M, S",1285580055941491199,10
רב מגב משופר,one size,700455345798571475,877
נעל בטיחות ספורטיבית צבע אפור,"47, 46, 45, 44, 43, 42, 41, 40, 39, 38",7596335471230572247,1
רביעיית סוללות AA,one size,700455345798571475,877
כף עץ אובלית ידית סיליקון,one size,700455345798571475,877
עציף פח מפואר,one size,700455345798571475,877
מברשת אפייה סיליקון לתליה,one size,700455345798571475,877
סיר למיקרו 2 לי',one size,700455345798571475,877
מספריים לציפורניים,one size,700455345798571475,877
כף משוט לפיצה\עוגה,one size,700455345798571475,877
מאפרה לחיצה,one size,700455345798571475,877
סכיני בשר ידיות עץ,one size,700455345798571475,877
מספריים פטנט,one size,700455345798571475,877
תיק טיולים,one size,700455345798571475,877
מעמד מגנטי לדשבורד,one size,700455345798571475,877
כבל 1 מטר AUX,one size,700455345798571475,877
כבל טעינה מיקרו USB,one size,700455345798571475,877
אוזניות בלוטוס ספורט,one size,700455345798571475,877
מעמד למזגן הרכב,one size,700455345798571475,877
מעמד מגנטי למזגן,one size,700455345798571475,877
דבק חשמלאים שחור 30 מטר,one size,700455345798571475,877
מעמד סלפי עם חיישן תנועה,one size,700455345798571475,877
אוזניות מיקרופון איכותיות,one size,700455345798571475,877
מעמד מגנטי לסלולרי,one size,700455345798571475,877
סט חכת דייג,one size,700455345798571475,877
תחבושת אלסטית זוג ברך,one size,700455345798571475,877
תחבושת אלסטית זוג כף יד,one size,700455345798571475,877
תחבושת אלסטית זוג מרפק,one size,700455345798571475,877
סט תיקון פנצ'ר אופניים משודרג,one size,700455345798571475,877
אוזניות אלחוטיות,one size,700455345798571475,877
אוזניות קשת בלוטוס ספורט,one size,700455345798571475,877
"פנס קמפינג ""עששית""",one size,700455345798571475,877
סט טיסה,one size,700455345798571475,877
אוזניות בס מוגבר,one size,700455345798571475,877
חולצת פולו שרוול ארוך,"5XL, 4XL, 3XL, 2XL, XL, L, M, S",2857808831311792174,40
פנס יד קטן,one size,700455345798571475,877
רמקול נגד מים,one size,700455345798571475,877
מנעול מחסנים גדול בודד,one size,700455345798571475,877
מנעול עם קוד,one size,700455345798571475,877
רמקול נשיאה,one size,700455345798571475,877
דבק 3 שניות גדול 12 יחידות בדף,one size,700455345798571475,877
דבק 3 שניות אריזה זוגית,one size,700455345798571475,877
דבק 3 שניות 12 יחידות בדף,one size,700455345798571475,877
דבק אפוקסי זוג,one size,700455345798571475,877
תיק ספורט,one size,700455345798571475,877
ארנק מצויר עור לגבר,one size,700455345798571475,877
ארנק כרטיסים,one size,700455345798571475,877
מצת גז ארוכה,one size,700455345798571475,877
פאוץ' עור שחור,one size,700455345798571475,877
תיק אלכסון עור לגבר,one size,700455345798571475,877
סט 12 יח' מנעולים קטן,one size,700455345798571475,877
פאוץ' בד הודו,one size,700455345798571475,877
סט 12 יח' מנעולים גדול,one size,700455345798571475,877
תיק גב לילדים,one size,700455345798571475,877
קולב לתכשיטים,one size,700455345798571475,877
סט תאורה סולארית לגינה,one size,700455345798571475,877
תיק צד בד,one size,700455345798571475,877
גוזז ציפורניים כסוף,one size,700455345798571475,877
מגבת ענקית עבה,one size,700455345798571475,877
מגבת גוף דקה,one size,700455345798571475,877
גז פלפל,one size,700455345798571475,877
מגבת רגליים,one size,700455345798571475,877
שמיכת פליז,one size,700455345798571475,877
כירבולית פליז צמר עבה,one size,700455345798571475,877
מגבת ענקית דקה,one size,700455345798571475,877
אלמוגית גדולה,one size,700455345798571475,877
מגבת גוף עבה,one size,700455345798571475,877
כיפה חלקה סאטן,one size,700455345798571475,877
מצלמת רכב דו כיוונית,one size,700455345798571475,877
פרוז'קטור סולארי עם חיישן תנועה,one size,700455345798571475,877
אלמוגית קטנה,one size,700455345798571475,877
צידנית בד,one size,700455345798571475,877
כובע קש נשים,one size,700455345798571475,877
סינר חצי,one size,700455345798571475,877
כפפות צמר,one size,700455345798571475,877
חם צוואר,one size,700455345798571475,877
פורס תפוחים,one size,700455345798571475,877
בקבוקי ילדים,one size,700455345798571475,877
כוס ילדים בועות,one size,700455345798571475,877
מחבט יתושים חשמלי,one size,700455345798571475,877
מגבת מטבח שלישיה,one size,700455345798571475,877
מלכודת דבק,one size,700455345798571475,877
בקבוק תרמוס דגם באולינג,one size,700455345798571475,877
בקבוק מים חמים מרופד,one size,700455345798571475,877
תיק גב,one size,700455345798571475,877
דיבורית בלוטוס לרכב,one size,700455345798571475,877
מגבת מטבח מיקרופייבר זוגי,one size,700455345798571475,877
גרביים טרמיות,one size,700455345798571475,877
כובע קש,one size,700455345798571475,877
ג'ינס משולב לייקרה - דגם סטרץ',"4XL, 3XL, 2XL, XL, L, M, S",-1996423517076311580,29
סט 3 רינגים מרובעים לעוגה,one size,700455345798571475,877
מכונת תספורת,one size,700455345798571475,877
חגורות בד נמתחות,one size,700455345798571475,877
פנס ראש סוללות,one size,700455345798571475,877
בנדנות במגוון צבעים,one size,700455345798571475,877
ספל קפה לנשיאה,one size,700455345798571475,877
שטיח כניסה לבית,one size,700455345798571475,877
גלגל פיצה איכותי,one size,700455345798571475,877
סט 3 רינגים לעוגה עגול,one size,700455345798571475,877
גורס מלח פלפל,one size,700455345798571475,877
שישית כוסות קפה זכוכית,one size,700455345798571475,877
מברשת בקבוקים,one size,700455345798571475,877
חמוצון,one size,700455345798571475,877
טרמוס נירוסטה 1 ליטר,one size,700455345798571475,877
מברשת צלחות בבליסטר,one size,700455345798571475,877
סט ספלים קאלסי,one size,700455345798571475,877
כד חלב פטנט,one size,700455345798571475,877
מברשת ציפורניים,one size,700455345798571475,877
פומפייה מרובעת נירוסטה,one size,700455345798571475,877
פומפייה שטוחה,one size,700455345798571475,877
מברשת גב,one size,700455345798571475,877
ערכת ברביקיו,one size,700455345798571475,877
רביעיית סוללות AAA,one size,700455345798571475,877
מארז סוללות מיוחד 6AA+4AAA,one size,700455345798571475,877
זוג סוללות C,one size,700455345798571475,877
מתלה כביסה אלומיניום,one size,700455345798571475,877
נפנף למנגל,one size,700455345798571475,877
משחיז סכינים,one size,700455345798571475,877
סטנד סוללות שולחני,one size,700455345798571475,877
קופסא מלבנית 1.5 ליטר,one size,700455345798571475,877
קופסא מלבנית 1.1 ליטר,one size,700455345798571475,877
"קופסא מלבנית 700 מ""ל",one size,700455345798571475,877
"קופסא מלבנית 300 מ""ל",one size,700455345798571475,877
סט 3 קופסאות קליפר,one size,700455345798571475,877
קופסת אוכל,one size,700455345798571475,877
רשת מנגל גדולה,one size,700455345798571475,877
שיפודי נירוסטה,one size,700455345798571475,877
רשת מנגל קטנה,one size,700455345798571475,877
דלי 12 לי' משפך,one size,700455345798571475,877
וילון אמבטיה בד 180*180,one size,700455345798571475,877
חולץ פקקים ג'מבו,one size,700455345798571475,877
חולץ פקקים מילניום,one size,700455345798571475,877
כד מים פלסטיק,one size,700455345798571475,877
רולר בגדים,one size,700455345798571475,877
בקבוק לחיץ פטנט,one size,700455345798571475,877
"כד תה מפואר 1000 מ""ל",one size,700455345798571475,877
כותש שום אלומניום כבד,one size,700455345798571475,877
כוס מדידה 1 ליטר אקרילי,one size,700455345798571475,877
כף אשפה עומד,one size,700455345798571475,877
תרבד עץ ידית סיליקון,one size,700455345798571475,877
כפפות ניקוי כלים,one size,700455345798571475,877
כף גלידה נירוסטה-פטנט,one size,700455345798571475,877
כף עץ לטיגון ובישול,one size,700455345798571475,877
כף בישול ארוכה סיליקון,one size,700455345798571475,877
תרווד סיליקון מחורץ,one size,700455345798571475,877
פורס אבטיח,one size,700455345798571475,877
תרווד סיליקון ארוך,one size,700455345798571475,877
סיר למיקרו 3 לי',one size,700455345798571475,877
מרית עץ מחורץ ידית סילקון,one size,700455345798571475,877
כף חלוקה נירוסטה,one size,700455345798571475,877
סיר למיקרו 1.5 לי',one size,700455345798571475,877
"""מברשת אפייה סיליקון",one size,700455345798571475,877
"תחתית סיר 18 ס""מ",one size,700455345798571475,877
"תבנית קפיץ עם מכסה 26 ס""מ",one size,700455345798571475,877
תחתית לסיר סיליקון,one size,700455345798571475,877
כף חלוקה חורר נירוסטה,one size,700455345798571475,877
מאריך ברז קצר,one size,700455345798571475,877
מטען רכב מיקרו USB,one size,700455345798571475,877
מאריך ברז ארוך,one size,700455345798571475,877
מצקת נירוסטה,one size,700455345798571475,877
סט פינג פונג עם רשת מתכוננת,one size,700455345798571475,877
תרבד מחורץ נירוסטה,one size,700455345798571475,877
"מגב שיש 20 ס""מ",one size,700455345798571475,877
מגב פלסטיק,one size,700455345798571475,877
מברשת נוצות לאבק עם כיסוי,one size,700455345798571475,877
קרש חיתוך פלסטיק,one size,700455345798571475,877
מברשת אבק קשיחה,one size,700455345798571475,877
מברשת ניקוי אבק\ספות,one size,700455345798571475,877
"מגב מילניום 40 ס""מ",one size,700455345798571475,877
רב מגב מטאטא,one size,700455345798571475,877
רב מגב (מגב),one size,700455345798571475,877
שק זילוף מקצועי + 6 צנתרים,one size,700455345798571475,877
מברשת מנגל ארוכה דו צדדית,one size,700455345798571475,877
מברשת מגהץ,one size,700455345798571475,877
סט 6 קולבים פלסטיק,one size,700455345798571475,877
ראש מטאטא משובח,one size,700455345798571475,877
נטלן ידיים נירוסטה,one size,700455345798571475,877
"מועך תפו""א דגם פרימיום",one size,700455345798571475,877
גלילוני קרח,one size,700455345798571475,877
קולבים פלסטיק משולב מתכת,one size,700455345798571475,877
קליפסים לאטימה,one size,700455345798571475,877
תבנית להכנת קרח,one size,700455345798571475,877
מסחטת מיץ קטנה,one size,700455345798571475,877
מטרפה נירוסטה,one size,700455345798571475,877
משולש לכיור מנירוסטה,one size,700455345798571475,877
"פלטה ישרה למריחה 20 ס""מ",one size,700455345798571475,877
סבוניה כפולה,one size,700455345798571475,877
מטען קיר כבל משולב,one size,700455345798571475,877
"צנצנת 400 מ""ל",one size,700455345798571475,877
"צנצנת 750 מ""ל",one size,700455345798571475,877
קליפס מגנט למקרר,one size,700455345798571475,877
מכסה מיקרו מפואר,one size,700455345798571475,877
קולפן דגם פרימיום,one size,700455345798571475,877
משולש כיור פלסטיק,one size,700455345798571475,877
סכין משוננת שפיץ,one size,700455345798571475,877
צולה כבד קטן,one size,700455345798571475,877
משקל מטבח דיגיטלי מפואר,one size,700455345798571475,877
נפה קמח,one size,700455345798571475,877
פטיש שניצל עץ,one size,700455345798571475,877
מארז 6 מזלגות,one size,700455345798571475,877
פותחן שימורים,one size,700455345798571475,877
"פינג'ן נירוסטה 650 מ""ל",one size,700455345798571475,877
פינג'ן מעוצב,one size,700455345798571475,877
סלסלה ארוכה,one size,700455345798571475,877
סלסלה גדולה,one size,700455345798571475,877
סלסלה בינונית,one size,700455345798571475,877
סלסלה קטנה,one size,700455345798571475,877
עט מעוצב דגם כלנית,one size,700455345798571475,877
סט 4 צנצנות תבלינים,one size,700455345798571475,877
מארז 6 כפות,one size,700455345798571475,877
סכין טולסוויס משונן,one size,700455345798571475,877
סכין מדורג משונן,one size,700455345798571475,877
סכין טולסוויס חלק שפיץ,one size,700455345798571475,877
סכין טולסוויס משונן שפיץ,one size,700455345798571475,877
סט 12 חותכנים/שבלונות לעוגה,one size,700455345798571475,877
סט 5 קערות,one size,700455345798571475,877
מארז 6 כפיות ארוכות,one size,700455345798571475,877
סכומון נירוסטה,one size,700455345798571475,877
כובע צמר MY,one size,700455345798571475,877
סרט מצח מנומר,one size,700455345798571475,877
צעיף סרוג צבעוני,one size,700455345798571475,877
כובע צמר ניו יורק,one size,700455345798571475,877
מחברת מעוצבת,one size,700455345798571475,877
עט מעוצב דגם ריילי,one size,700455345798571475,877
עט מעוצב דגם קוורץ,one size,700455345798571475,877
מארז 6 כפיות,one size,700455345798571475,877
פד לעכבר יוקרתי,one size,700455345798571475,877
חלוק קטיפה,one size,700455345798571475,877
ערכת קפה,one size,700455345798571475,877
פד לעכבר,one size,700455345798571475,877
כובע צמר רגאיי,one size,700455345798571475,877
גוזז ציפורניים,one size,700455345798571475,877
משקל גרמים קטן,one size,700455345798571475,877
שמשיה,one size,700455345798571475,877
תיק אל בד,one size,700455345798571475,877
סט פיצה,one size,700455345798571475,877
סוללות AAA עם תליה,one size,700455345798571475,877
כובע גנב,one size,700455345798571475,877
ארנקי נשים,one size,700455345798571475,877
כובע עמיד במים פרוותי,one size,700455345798571475,877
סכין פשוטה,one size,700455345798571475,877
אטבים 24 יח',one size,700455345798571475,877
מידנית 2 ליטר,one size,700455345798571475,877
"ציוד התמגנות ""קורונה""",one size,700455345798571475,877
כובע צמר,one size,700455345798571475,877
"ווסט בטיחות מד""א",one size,700455345798571475,877
כובע אוסטרלי ליגיונר,one size,700455345798571475,877
משקפי מגן כהות,one size,700455345798571475,877
"קופסת אחסנה  500 מ""ל סט 3",one size,700455345798571475,877
כובע קאובוי דמוי קש,one size,700455345798571475,877
"כובע צמר לילדים דגם ""פוזי""",one size,700455345798571475,877
כפפות צמר חצי,one size,700455345798571475,877
רמקול נייד 6.5 אינץ',one size,700455345798571475,877
בידורית 12 אינץ' power,one size,700455345798571475,877
כובע ילדים דגם חיות,one size,700455345798571475,877
כובע קאובוי,one size,700455345798571475,877
ראש מטען קיר מאושר אפל,one size,700455345798571475,877
מעמד מגנטי נתפס,one size,700455345798571475,877
סט 12 יח' מנעולים בינוני,one size,700455345798571475,877
תיק צד עור לחגורה,one size,700455345798571475,877
פנס יד ארוך,one size,700455345798571475,877
"סוללת גיבוי 10,000MAH",one size,700455345798571475,877
אוזניות עם חיבור טייפ סי,one size,700455345798571475,877
בקבוק שתיה רב פעמי,one size,700455345798571475,877
בית עוגה אינגליש קייק,one size,700455345798571475,877
ידיות בד למקרר,one size,700455345798571475,877
אוזניות בלוטוס גדולות,one size,700455345798571475,877
משאבת רגל לניפוח כדורים ואופניים,one size,700455345798571475,877
כותש שום+פורס,one size,700455345798571475,877
מפצל 3 שקעים עם מפסק וכבל,one size,700455345798571475,877
מפצל 3 שקעים אנכי,one size,700455345798571475,877
מפצל 6 שקעים עם מפסק וכבל,one size,700455345798571475,877
מפצל 3 שקעים,one size,700455345798571475,877
תוף 25 מטר 4 שקעים,one size,700455345798571475,877
תוף מאריך 6 מטר 4 שקעים,one size,700455345798571475,877
מפצל 4 שקעים מרובע T4,one size,700455345798571475,877
מפצל 4 שקעים T4 עם כבל,one size,700455345798571475,877
כבל מאריך 8 מטר,one size,700455345798571475,877
מגן ברקים 2 שקעים,one size,700455345798571475,877
כבל מאריך 10 מטר,one size,700455345798571475,877
כבל מאריך 6 מטר,one size,700455345798571475,877
כבל מאריך 5 מטר,one size,700455345798571475,877
כבל מאריך 4 מטר,one size,700455345798571475,877
נורת נר חלבי בסיס E14,one size,700455345798571475,877
שעון שבת 48 שעות,one size,700455345798571475,877
נורת ספירלה בסיס E27,one size,700455345798571475,877
נורת לד A60 בסיס E27,one size,700455345798571475,877
מפצל 2 שקעים,one size,700455345798571475,877
נורת נר שקוף בסיס E27,one size,700455345798571475,877
קופסא מלבנית 2 ליטר,one size,700455345798571475,877
מנורת לילה חירום לד,one size,700455345798571475,877
נורת לד A60 בסיס E14,one size,700455345798571475,877
קופסא מלבנית 2.7 ליטר,one size,700455345798571475,877
קופסא מלבנית 3.7 ליטר,one size,700455345798571475,877
כדורעף,one size,700455345798571475,877
פתיחה,one size,700455345798571475,877
לוח סל,one size,700455345798571475,877
מגף בלנדסטון 561,"46, 45, 44, 43, 42, 41, 40, 39, 38, 37, 36",8437569071728182828,5
מנעול גדול בודד,one size,700455345798571475,877
אלופי הטריוויה,one size,700455345798571475,877
לוח מחיקה מגנטי גדול,one size,700455345798571475,877
סט בצק מכונה,one size,700455345798571475,877
אף על הדף,one size,700455345798571475,877
מכשיר קשר וולקי טולקי,one size,700455345798571475,877
כבל מאריך 3 מטר,one size,700455345798571475,877
תוף 10 מטרים 4 שקעים,one size,700455345798571475,877
תוף 15 מטרים 4 שקעים,one size,700455345798571475,877
כבל מאריך 1 מטר,one size,700455345798571475,877
כדורסל מספר 5 - 7,one size,700455345798571475,877
כבל מאריך 2 מטר,one size,700455345798571475,877
פזל 108 חלקים בת הים דו צדדי,one size,700455345798571475,877
זוג שערי כדורגל מתקפלים,one size,700455345798571475,877
חבל קפיצה מעץ,one size,700455345798571475,877
מגן ברקים ונחשולי מתח 3 דקות השהייה,one size,700455345798571475,877
מפצל 4 שקעים עם מפסק וכבל,one size,700455345798571475,877
משקפת שחייה,one size,700455345798571475,877
מגף בלנדסטון 910 S3,"46, 45, 44, 43, 42, 41, 40, 39, 38, 37, 36",8437569071728182828,5
מגף בלנדסטון 585,"48, 47, 46, 45, 44, 43, 42, 41, 40, 39, 38, 37, 36",-7829411099899344912,6
מכשיר חיזוק הגוף,one size,700455345798571475,877
סט צבעי אצבעות,one size,700455345798571475,877
אימון שריר יד,one size,700455345798571475,877
קלפים מארז זוגי,one size,700455345798571475,877
גלגל כושר לבטן,one size,700455345798571475,877
אימון כף יד,one size,700455345798571475,877
קליעה למטרה ספוג,one size,700455345798571475,877
מכשיר אימון חזה,one size,700455345798571475,877
רמיקוב ELITE,one size,700455345798571475,877
מונופול קלאסי,one size,700455345798571475,877
שש בש איכותי,one size,700455345798571475,877
שלושה משחקים בקופסה,one size,700455345798571475,877
טאקי,one size,700455345798571475,877
חבל קפיצה מקצועי,one size,700455345798571475,877
קליעה למטרה חייצים,one size,700455345798571475,877
מגף פנדה S3,"48, 47, 46, 45, 44, 43, 42, 41, 40, 39, 38, 37, 36",-7829411099899344912,6
נעל עבודה נשים,"46, 45, 44, 43, 42, 41, 40, 39, 38, 37, 36",8437569071728182828,5
מגף ספיידר שחור,"47, 46, 45, 44, 43, 42, 41, 40, 39, 38, 37",-6085058773725583097,18
נעל עבודה חצי S3,"47, 46, 45, 44, 43, 42, 41, 40, 39, 38, 37, 36",739583987545114828,14
מכנס בנאים מקצועי,"5XL, 4XL, 3XL, 2XL, XL, L, M, S",2857808831311792174,40
מכנס טבחים גומי מלא,"5XL, 4XL, 3XL, 2XL, XL, L, M, S",2857808831311792174,40
מכנס טרנינג,"4XL, 3XL, 2XL, XL, L, M, S",-1996423517076311580,29
"דגמ""ח מחוזק ללא גומי","54, 52, 50, 48, 46, 44, 42, 40",8820707240116798002,2
נעל בייסיק S3,"46, 45, 44, 43, 42, 41, 40, 39, 38, 36",-3787590308001337596,1
